Label,log.sigma.1.mm.3D_glcm_Correlation,wavelet.HHL_firstorder_Skewness,wavelet.HHH_glszm_GrayLevelVariance,wavelet.LLH_firstorder_Kurtosis,log.sigma.1.mm.3D_glcm_Imc1,log.sigma.2.mm.3D_glrlm_LowGrayLevelRunEmphasis,wavelet.LLH_glcm_Correlation,wavelet.HLL_glrlm_LongRunEmphasis,wavelet.LLH_glszm_GrayLevelVariance,original_glszm_LowGrayLevelZoneEmphasis
0,0.290854412,1.06983425,-0.345921744,-1.253683733,-0.246253873,-0.198196695,-0.331154997,-0.219216507,-0.900083104,0.068377202
1,-0.240978369,1.900978097,-0.78709172,-0.147195045,-0.035004782,-0.137887771,0.035998762,-0.222318189,-0.146477017,-0.43642368
1,0.0809791,-0.232164165,0.670131951,-0.458096287,0.248533847,-0.665872765,-0.151858494,0.041098476,-0.024686355,0.500235867
0,-0.530219033,-0.606632312,0.491372558,0.018840432,0.858970856,0.841496055,0.03091802,-0.527765345,-0.27167436,-0.381991734
0,-1.022472497,0.326038832,-0.543279508,1.407639891,1.061377589,-0.058772227,-0.142302834,-0.696348241,-0.564526202,0.696743124
0,-2.946410415,4.02301757,-3.18759215,-3.345701077,-3.41263027,3.014412259,-0.60056427,-0.582260582,-2.073517576,1.188011269
0,-0.283084658,-0.310208888,-1.588347167,-0.371393109,0.498155966,-0.286247714,-0.295983356,1.01337764,-0.39694598,-1.34706491
1,2.162685156,0.260507989,0.617034617,1.962021923,-1.716925476,-1.347285088,2.420583909,0.567133672,2.431711499,-2.095763352
0,-0.697326027,0.802750432,-0.213853463,-0.67343573,0.854305087,-0.202643638,-0.268456343,0.324830031,-0.750258109,0.114341999
0,-2.243774314,-0.795376015,-4.220142595,0.759858077,-1.057371828,2.545128536,-1.895079031,-0.909633316,0.134771382,1.188011269
0,-0.554629985,0.687318308,-0.813055141,0.828286348,0.584740044,-0.083560838,-0.289164879,-0.774309608,-0.613947206,0.503195664
0,-0.691512259,1.59788192,-0.982783632,1.620011724,0.335348836,-0.237880111,-0.243917531,-1.745298712,-0.294365609,0.107497561
0,-0.360067169,1.007919878,-0.413238203,-0.249841302,0.743086408,0.045768035,-0.617059678,-1.066229164,-0.261366248,0.113836742
0,1.038834455,0.136738788,-0.794993845,0.859887417,-1.12902399,-0.776237606,-0.360515064,0.93555933,0.023933202,0.892633337
0,0.052185302,-0.138426514,-0.000311384,1.088987207,-0.173952601,-0.332100758,-0.364650752,-0.164388365,-0.908386152,1.129608559
0,1.456582066,-0.42567885,-0.745283875,1.02149462,-1.439411873,-1.217246181,0.805048648,0.613688025,0.099615381,-0.723110457
0,0.556028717,-0.121314988,-1.11685581,0.154206651,-0.446091916,-0.361427598,-0.528579393,-0.31183835,-0.162401445,-0.093164679
0,-0.518890275,-0.872053535,-0.144417086,-1.628709226,0.833294518,-0.420034751,-0.012605773,0.446822706,-0.642350503,1.151174762
0,-0.265526765,0.793260592,-0.644739386,0.794210557,0.338489294,-0.414481487,-0.836828719,0.55442675,-0.804150611,-1.052360185
0,-0.265418252,1.003353235,0.159016353,0.697266651,0.531431794,-0.602088904,-0.729098994,0.114096964,-0.172971737,-0.206957586
0,-1.705887331,2.593141128,-2.457461596,0.324782927,0.804808569,0.518247387,-0.030306909,-1.28462902,-0.926353301,1.151174762
0,-0.575153543,-1.522924024,-0.428413406,-0.215777525,0.611868561,0.196303237,-0.485950529,-1.128060028,-0.536066932,1.762297573
0,-0.779969943,-0.293422755,0.821841392,-0.759685043,0.834764049,0.095886132,-0.295928984,-0.113404947,-0.614721541,0.114341999
0,-1.17648301,0.266268042,0.68231642,1.892008769,1.261384284,2.049069091,-0.203004212,1.528606089,-0.16157438,1.188011269
0,-0.000893835,0.493574429,-0.309151688,-0.999409117,0.275980512,0.0607504,-0.40494439,0.707703,-1.022945148,-0.895294538
0,0.31194068,0.042526909,0.711726498,2.061466833,-0.113438288,-0.541533367,-0.537225994,0.246050086,0.258821654,-0.621756187
0,-1.085323197,0.038427258,-2.030446341,-1.14627813,0.967984858,1.120224454,-0.580066022,-1.846804438,-1.088603807,1.188011269
0,-1.19045979,1.751695667,-0.495686771,-0.231410282,1.070338552,2.097049586,-0.180202055,-1.255420101,0.044132248,0.114341999
1,1.157237132,-0.65570165,-0.151652182,-0.214549843,-1.136627079,-0.721868521,-0.002786423,1.575595662,0.079433163,-0.023800813
0,-0.228262702,1.635577402,-0.299910986,-0.861286082,-0.192364597,0.384419903,1.224395449,0.711014623,-0.670875228,0.113836742
1,1.485486389,-1.485018411,-1.157462731,-0.119542845,-1.208198133,-1.232652862,1.725526857,0.793902517,1.489621018,0.073537418
0,-0.949086565,-0.055321546,-0.180597288,-0.811697946,0.162022163,2.88494786,-0.80976087,-1.74346499,-0.937242359,1.19534005
0,-0.603864273,0.250570802,0.119918092,1.526351244,0.823209565,0.584386878,-1.401519676,-0.411947707,0.542423594,1.144124762
0,-0.046525186,1.287965056,-0.156989231,1.206000377,0.155295855,-0.220731987,-0.211603436,-0.566991712,-0.054626171,-0.43345237
0,-0.903998481,-0.9105627,0.501897655,-1.060895078,1.223666619,-0.453176854,-0.53112997,-0.826739554,-0.361972303,-0.43345237
0,-0.759920503,0.219855836,0.138703337,1.280350402,0.926756345,-0.190039725,-0.046335023,-0.512617377,-0.072999375,0.546741222
0,0.191755914,-2.215710431,-1.092274866,-1.178646002,-0.027278654,-0.13750984,-0.238628508,-0.128660292,-0.81004736,0.543506555
0,0.252668446,0.27827746,0.233946989,0.627082258,-0.078459291,-0.458833708,-0.948078433,0.830385483,-0.296295696,1.110030105
0,-0.712025257,-0.72384091,-0.118049273,-1.513957631,0.702940424,-0.058537558,0.020285756,-1.190230028,-0.935402064,1.188011269
1,-0.303399993,0.056860753,-0.21971133,-1.355603736,0.685280309,-0.542321271,-0.488022148,0.646458961,-0.812328448,-1.318760406
1,2.193801229,0.031665262,-0.437303788,0.310284223,-2.48280541,-1.117256788,0.554024063,0.179541461,0.873346682,-1.839785809
1,2.216691163,0.091348563,1.085968281,0.74288585,-2.884868222,-1.178280711,0.489051163,1.386367638,1.053137945,-1.862784745
0,0.178056888,-0.550924662,0.705349678,-0.103117161,-0.001807795,-0.426890985,-0.627014583,0.566598504,-0.516334074,0.503195664
1,-0.526723159,1.281318638,1.873080798,-0.193620162,-0.484258064,1.432479951,1.369341759,3.305621949,-0.788413178,1.188011269
1,-0.499361883,-0.871055841,-0.155729234,3.273049311,0.580207258,0.837457862,-1.469553792,-0.373921859,0.107106691,0.113836742
1,1.359998026,-1.022549109,1.130801131,-0.359932876,-1.24835894,-1.175815043,2.52497138,0.037988678,1.100418447,-1.663210188
1,0.85374159,-0.067336819,-0.222469053,-0.583034545,-0.666460003,-0.95414269,-0.429427391,0.969126643,0.076040353,0.495188025
1,0.810116812,-0.890122527,-0.206723201,-1.63881097,-0.689665543,-0.647597504,-0.257199609,0.324819904,-0.184842279,-1.084585263
1,1.027033292,0.302214774,0.053697911,1.972788526,-0.86106942,-0.772675267,0.681973624,0.214303034,0.534381129,-0.916833844
1,1.366970774,-0.962049681,-1.218137751,-0.072567686,-1.228124642,-0.884506247,2.110012132,-0.218731357,-0.076262322,-1.744949978
1,-0.405169192,0.108554603,-0.076767447,-0.3498249,-1.060180931,1.269612329,1.050450051,0.216316232,0.320563763,1.188011269
0,-0.617195612,-0.014165094,0.861856808,-0.79324937,0.821393336,0.116440227,-0.689486378,0.235666438,-0.273932015,0.114341999
0,-0.719849776,-0.327669536,-0.357302135,-0.686761117,0.680096977,0.242566526,-0.100489054,-1.139767867,-0.425941362,0.113836742
0,-0.796873529,-0.293603075,-0.787113167,0.328153511,1.206959082,0.416405043,-0.555903413,-1.105776885,-0.466058678,0.702572754
1,1.561823821,-0.379070467,-1.104225302,1.901626758,-1.345825062,-1.049934921,3.339191136,-0.275917524,3.199307562,-1.287333193
1,0.135113166,-0.334873112,-2.241762761,2.498075276,-0.167542159,0.361594451,-0.738907446,3.758367648,-0.621363048,-1.166796902
0,-0.461777497,-0.674174155,-0.623028471,1.04648791,0.649253923,0.100211583,-0.533974622,-0.918970335,0.675123156,0.113836742
0,-0.782478777,-0.687481922,1.699423485,0.13049858,1.014429486,0.848664054,0.179572587,-0.932261308,0.105227981,0.114341999
0,-1.014992705,-0.814875381,0.390113372,-0.061614555,1.271036144,0.787678567,-0.451302963,-1.085847104,-0.093184433,-0.71039367
1,0.717946705,-0.340346082,0.063354599,-1.137688734,-0.433404032,-0.988943837,0.534364352,-0.317572367,-0.627327431,-0.118078574
1,1.340072012,-1.416413216,-0.778344204,-0.197707734,-1.147862165,-0.988186287,1.246232374,1.051122118,0.248204295,-0.666761223
1,0.891968255,0.081703719,1.691415013,-0.164307238,-0.679255262,-1.086071118,-0.289386742,2.270831542,0.629310777,1.08808293
0,-1.115301344,0.453333838,0.99783349,0.171964079,1.004708229,1.59818978,-0.763323973,-0.95968507,-0.090068969,0.114341999
1,1.936037137,-0.261750221,-0.300514644,-1.154615549,-2.113139221,-1.035685868,3.134682207,0.187148246,0.433329526,-1.887720053
0,1.692180326,0.580925077,-1.323200211,-0.676422063,-1.387270465,-1.129809721,3.143119304,-0.621077955,5.34464747,-1.217550101
1,0.593624395,0.754368727,1.071098746,0.301033043,-0.225078719,-0.920783771,-0.405009705,-0.058906209,0.222089743,-0.954390262
0,-0.618299226,-0.282846533,-0.871912554,-0.496494388,0.907119477,0.093636947,-0.540505621,-1.104272277,-0.10140075,-0.808673982
1,-0.597362376,-0.001630581,0.097719335,-1.016008824,0.695569799,1.105150167,0.047335744,1.220044501,-0.397843962,1.188011269
0,1.479112757,0.124817527,-0.572425271,-0.224179579,-1.078721,-1.064255539,0.480391613,-0.015736871,1.017585848,0.916580935
0,-0.278607907,0.331746147,-0.490629281,-0.420414502,0.353702657,-0.388068158,-0.333636009,-1.152695278,-0.16070686,-0.723337532
0,-1.102660823,0.553447609,1.034388609,-0.328827884,1.292101173,0.654072489,-0.414753139,-0.265068711,-0.244215415,0.113836742
0,-0.639982316,0.679713401,-0.555172843,-0.907215605,0.762452297,-0.149767322,-0.562755134,-1.166416885,-0.736135172,1.769167754
1,2.004572645,1.259989539,0.971757222,0.390927505,-2.241279217,-1.262551349,0.273796346,0.855749877,0.412967705,-0.744172856
0,-0.294639516,-0.098173177,0.686065768,-0.50840095,0.667985446,-0.511769208,-0.642729196,0.201255327,0.291529543,-0.98334089
0,-0.695526374,1.144363497,-2.523730688,0.089248838,-0.174907664,1.273261808,-0.066249986,-1.900171065,-1.044750964,1.144124762
1,-0.321875247,0.073300516,0.054535939,0.182643936,0.377858027,0.378000806,-0.360778459,0.398501093,-0.599140411,0.519292233
0,-0.355178863,-0.346795532,-0.495608784,-1.070132135,0.725949846,-0.027191648,-0.30228314,-0.8019183,-0.130143447,0.114341999
0,-0.409927507,-0.741758592,0.292752455,-0.467166648,0.53298338,-0.163318281,-1.110044436,-0.530313938,0.439329861,0.500235867
1,0.181302889,-0.264332449,-0.011535905,0.159496089,-0.048222742,-0.094423637,-0.381800531,0.159792549,-0.744886477,-0.702560189
0,-0.483352886,0.610354715,-2.257535857,-0.668046506,-1.048607841,1.504052701,1.338988722,0.616967031,-0.740786838,1.188011269
0,-0.552446031,-1.812918217,-0.660976476,-0.933423671,0.67814624,0.101471043,-1.350863808,-0.923990358,-1.104874872,-0.43345237
0,-0.638296111,0.067194567,1.249039786,-0.772267351,1.118760802,0.109397866,-0.00580298,-0.139115308,-0.525766456,0.500235867
1,0.75050743,1.008700518,0.038071486,-0.940356465,-0.434243814,-0.867921451,0.090293573,0.167637042,-0.469371671,-0.600684018
0,-0.845021898,-0.094801014,0.763790193,-0.153055593,0.892333512,0.013441932,-0.38997604,-0.058950358,-0.356721071,-0.43642368
0,-0.636020365,-0.037370627,-0.254755365,0.168425867,0.987585765,-0.164701083,-0.182015925,-0.172176057,-0.360065384,0.113836742
0,0.002775117,0.65991012,-0.706443332,-0.021826129,0.298505002,-0.70962519,0.116181042,0.269525388,-0.093891623,-0.14002058
1,-0.633995278,0.05572935,0.18003617,0.401756679,0.999299926,-0.314700318,-0.165367883,1.255618526,-0.109918141,2.160126063
0,1.252625481,-0.61869586,-0.242518268,-0.668091478,-1.05717608,-0.761193436,-0.345554135,0.404963465,0.124194875,-0.442367014
0,1.028036781,0.089353102,-0.098509529,-0.512099955,-0.817419748,-1.020808468,-0.462633412,1.28576331,0.609719857,-0.475611141
0,-0.090455198,-0.382340165,1.984502147,0.589690751,0.076367929,0.777131677,0.912237954,-1.352470213,-0.474868548,0.114341999
0,-0.556917292,2.403245671,-1.352659401,0.320129727,0.756373196,1.170031416,-1.14933592,0.36932411,0.489423628,-0.43345237
0,-0.696519596,-0.398341285,0.298753641,-1.14905168,0.843529997,1.641550519,-0.198892363,-0.757499947,-0.557595541,2.203670451
0,-1.49347498,-0.646555005,-2.148053337,-0.45683524,0.318778944,1.538660704,-1.128632319,-2.56212696,-0.731160354,1.19534005
0,-0.656135232,0.624681921,-0.98876064,0.646717593,0.443645616,-0.110850987,-0.472596436,-1.198500174,-0.320927452,0.503195664
0,-0.829624782,0.096239491,-0.392947295,0.095386488,0.754563918,0.130167143,-1.245171895,0.129174065,-0.150768504,0.503195664
0,-0.759709962,-1.79724092,0.933868176,-1.270848266,0.708170027,2.754147689,-0.278589637,-1.069730398,-0.808008963,1.19534005
0,-0.915815993,-0.943889681,-1.08329081,-0.163487131,0.993453276,0.158417088,-0.544931093,-1.197710724,-0.572802758,1.633387623
0,-0.296324466,-2.235044107,-0.770568634,-1.037184243,0.198671937,0.184767885,-0.393474928,-1.498076481,-0.669398338,-0.381991734
0,1.663849932,-0.527309057,-0.762801098,-0.828411756,-1.408077019,-1.105745001,0.620086798,0.751437759,1.138158877,-0.20749865
0,-1.176796356,-0.282591971,-1.36774598,0.18330257,1.253578978,2.206233731,-0.519064679,-1.181032058,0.312339931,0.114341999
1,0.291983962,-0.370104326,1.205903237,0.007324422,0.298998524,-1.018488892,-0.142256286,0.651256729,0.443195783,-0.437808767
0,0.724371668,0.700184631,-0.0277424,-0.737535109,-0.60490849,-0.37640442,-0.375254277,-0.065123489,-0.467541596,-0.416302971
0,0.572098255,0.528575009,-0.413876131,0.880579013,-0.669814568,-0.805508072,-0.390953739,0.999455251,0.397393311,-0.994340808
0,-0.881829821,-0.308806095,0.550975047,-0.542414533,0.915606729,1.763117275,-0.371971288,0.422718666,-0.320838053,1.19534005
0,-0.491258268,-0.742809294,0.309560472,-0.882705739,0.836347113,0.512435688,-0.282508631,-0.397334995,-0.377002453,1.165896527
1,2.069986212,-0.119574075,0.134519716,1.881294107,-1.531437939,-1.1465282,2.714702656,-0.135196004,5.060746767,-1.869993672
0,0.371548786,-0.104429619,1.151586804,0.08694877,-0.05854842,-0.838875758,0.193598824,0.300873052,0.283937828,0.60823419
0,-1.141706323,0.61675611,0.043775341,-0.109004909,1.153683486,1.280239422,-0.43650331,-1.092343065,-0.741536074,0.546741222
1,1.131683564,0.107458269,0.72635911,0.583681477,-1.302661406,-0.987337165,-0.379447053,1.780163132,0.16563088,-0.624735165
0,-0.58848602,0.097790076,0.644961639,-1.167370999,0.983078518,1.567805788,-0.330792366,-0.325325264,0.224994115,-0.718555152
